id,user_id,email,name,zip_code,description,profile_image,farm_rating,video_link
1,hbaguley0,hbaguley0@1688.com,Hermina Baguley,,"In hac habitasse platea dictumst. Morbi vestibulum, velit id pretium iaculis, diam erat fermentum justo, nec condimentum neque sapien placerat ante. Nulla justo.",http://dummyimage.com/205x100.png/cc0000/ffffff,3,https://www.youtube.com/watch?v=0q0TXV8PyNY&ab_channel=ExploreFarmLife
2,dgeldard1,dgeldard1@blogger.com,Demetria Geldard,07-320,Phasellus in felis. Donec semper sapien a libero. Nam dui.,http://dummyimage.com/203x100.png/ff4444/ffffff,4,https://www.youtube.com/watch?v=tPdKmQyh6W8&ab_channel=ExploreFarmLife
3,cdorning2,cdorning2@dell.com,Cosetta Dorning,37-522,Phasellus sit amet erat. Nulla tempus. Vivamus in felis eu sapien cursus vestibulum.,http://dummyimage.com/187x100.png/5fa2dd/ffffff,5,https://www.youtube.com/watch?v=tPdKmQyh6W8&ab_channel=ExploreFarmLife
4,qdowthwaite3,qdowthwaite3@eepurl.com,Quinta Dowthwaite,69630-000,Aenean lectus. Pellentesque eget nunc. Donec quis orci eget orci vehicula condimentum.,http://dummyimage.com/190x100.png/dddddd/000000,4,https://www.youtube.com/watch?v=0q0TXV8PyNY&ab_channel=ExploreFarmLife
5,mdurnford4,mdurnford4@qq.com,Markos Durnford,07509 CEDEX,"Curabitur gravida nisi at nibh. In hac habitasse platea dictumst. Aliquam augue quam, sollicitudin vitae, consectetuer eget, rutrum at, lorem.",http://dummyimage.com/118x100.png/cc0000/ffffff,4,https://www.youtube.com/watch?v=tPdKmQyh6W8&ab_channel=ExploreFarmLife
6,mbramont5,mbramont5@pagesperso-orange.fr,Maurita Bramont,30302,Cras non velit nec nisi vulputate nonummy. Maecenas tincidunt lacus at velit. Vivamus vel nulla eget eros elementum pellentesque.,http://dummyimage.com/164x100.png/ff4444/ffffff,4,https://www.youtube.com/watch?v=tPdKmQyh6W8&ab_channel=ExploreFarmLife
7,cqueen6,cqueen6@craigslist.org,Charlie Queen,364 52,In congue. Etiam justo. Etiam pretium iaculis justo.,http://dummyimage.com/143x100.png/cc0000/ffffff,4,https://www.youtube.com/watch?v=0q0TXV8PyNY&ab_channel=ExploreFarmLife
8,hwollen7,hwollen7@ebay.co.uk,Hillary Wollen,,"Sed sagittis. Nam congue, risus semper porta volutpat, quam pede lobortis ligula, sit amet eleifend pede libero quis orci. Nullam molestie nibh in lectus.",http://dummyimage.com/163x100.png/dddddd/000000,3,https://www.youtube.com/watch?v=tPdKmQyh6W8&ab_channel=ExploreFarmLife
9,krudgley8,krudgley8@51.la,Koo Rudgley,36005,Aliquam quis turpis eget elit sodales scelerisque. Mauris sit amet eros. Suspendisse accumsan tortor quis turpis.,http://dummyimage.com/200x100.png/dddddd/000000,5,https://www.youtube.com/watch?v=tPdKmQyh6W8&ab_channel=ExploreFarmLife
10,kcummins9,kcummins9@google.fr,Keen Cummins,645 84,"Morbi porttitor lorem id ligula. Suspendisse ornare consequat lectus. In est risus, auctor sed, tristique in, tempus sit amet, sem.",http://dummyimage.com/199x100.png/dddddd/000000,4,https://www.youtube.com/watch?v=tPdKmQyh6W8&ab_channel=ExploreFarmLife
11,ejouaneta,ejouaneta@sohu.com,Ethelbert Jouanet,,Aenean lectus. Pellentesque eget nunc. Donec quis orci eget orci vehicula condimentum.,http://dummyimage.com/114x100.png/cc0000/ffffff,1,https://www.youtube.com/watch?v=0q0TXV8PyNY&ab_channel=ExploreFarmLife
12,gdefraineb,gdefraineb@linkedin.com,Gena Defraine,,"Curabitur in libero ut massa volutpat convallis. Morbi odio odio, elementum eu, interdum eu, tincidunt in, leo. Maecenas pulvinar lobortis est.",http://dummyimage.com/127x100.png/dddddd/000000,5,https://www.youtube.com/watch?v=tPdKmQyh6W8&ab_channel=ExploreFarmLife
13,vkedgec,vkedgec@twitter.com,Val Kedge,8700,In hac habitasse platea dictumst. Etiam faucibus cursus urna. Ut tellus.,http://dummyimage.com/129x100.png/ff4444/ffffff,4,https://www.youtube.com/watch?v=0q0TXV8PyNY&ab_channel=ExploreFarmLife
14,breeced,breeced@vinaora.com,Barbara Reece,,Aenean lectus. Pellentesque eget nunc. Donec quis orci eget orci vehicula condimentum.,http://dummyimage.com/138x100.png/dddddd/000000,1,https://www.youtube.com/watch?v=tPdKmQyh6W8&ab_channel=ExploreFarmLife
15,mgreenmane,mgreenmane@state.tx.us,Markus Greenman,75220 CEDEX 16,Pellentesque at nulla. Suspendisse potenti. Cras in purus eu magna vulputate luctus.,http://dummyimage.com/166x100.png/cc0000/ffffff,2,https://www.youtube.com/watch?v=0q0TXV8PyNY&ab_channel=ExploreFarmLife
16,cwoolstonf,cwoolstonf@sitemeter.com,Correy Woolston,32249,"Donec diam neque, vestibulum eget, vulputate ut, ultrices vel, augue. Vestibulum ante ipsum primis in faucibus orci luctus et ultrices posuere cubilia Curae; Donec pharetra, magna vestibulum aliquet ultrices, erat tortor sollicitudin mi, sit amet lobortis sapien sapien non mi. Integer ac neque.",http://dummyimage.com/210x100.png/dddddd/000000,2,https://www.youtube.com/watch?v=tPdKmQyh6W8&ab_channel=ExploreFarmLife
17,acappellg,acappellg@smugmug.com,Annabella Cappell,,Duis aliquam convallis nunc. Proin at turpis a pede posuere nonummy. Integer non velit.,http://dummyimage.com/165x100.png/dddddd/000000,2,https://www.youtube.com/watch?v=0q0TXV8PyNY&ab_channel=ExploreFarmLife
18,jmuccih,jmuccih@github.com,Juliet Mucci,669310,Nullam sit amet turpis elementum ligula vehicula consequat. Morbi a ipsum. Integer a nibh.,http://dummyimage.com/137x100.png/5fa2dd/ffffff,4,https://www.youtube.com/watch?v=0q0TXV8PyNY&ab_channel=ExploreFarmLife
19,pdjorvici,pdjorvici@youtube.com,Pail Djorvic,,Maecenas ut massa quis augue luctus tincidunt. Nulla mollis molestie lorem. Quisque ut erat.,http://dummyimage.com/152x100.png/5fa2dd/ffffff,5,https://www.youtube.com/watch?v=tPdKmQyh6W8&ab_channel=ExploreFarmLife
20,fdunstonej,fdunstonej@jalbum.net,Flossy Dunstone,,"Duis bibendum, felis sed interdum venenatis, turpis enim blandit mi, in porttitor pede justo eu massa. Donec dapibus. Duis at velit eu est congue elementum.",http://dummyimage.com/152x100.png/dddddd/000000,3,https://www.youtube.com/watch?v=tPdKmQyh6W8&ab_channel=ExploreFarmLife
21,ldumbarek,ldumbarek@virginia.edu,Lauralee Dumbare,47070,"Morbi porttitor lorem id ligula. Suspendisse ornare consequat lectus. In est risus, auctor sed, tristique in, tempus sit amet, sem.",http://dummyimage.com/137x100.png/dddddd/000000,1,https://www.youtube.com/watch?v=0q0TXV8PyNY&ab_channel=ExploreFarmLife
22,ajinkinsonl,ajinkinsonl@flavors.me,Albertina Jinkinson,,"Praesent blandit. Nam nulla. Integer pede justo, lacinia eget, tincidunt eget, tempus vel, pede.",http://dummyimage.com/227x100.png/5fa2dd/ffffff,1,https://www.youtube.com/watch?v=tPdKmQyh6W8&ab_channel=ExploreFarmLife
23,cadderleym,cadderleym@bing.com,Cherilyn Adderley,,"Praesent blandit. Nam nulla. Integer pede justo, lacinia eget, tincidunt eget, tempus vel, pede.",http://dummyimage.com/177x100.png/ff4444/ffffff,1,https://www.youtube.com/watch?v=tPdKmQyh6W8&ab_channel=ExploreFarmLife
24,ryglesian,ryglesian@imdb.com,Renault Yglesia,36121,"Vestibulum quam sapien, varius ut, blandit non, interdum in, ante. Vestibulum ante ipsum primis in faucibus orci luctus et ultrices posuere cubilia Curae; Duis faucibus accumsan odio. Curabitur convallis.",http://dummyimage.com/242x100.png/cc0000/ffffff,3,https://www.youtube.com/watch?v=0q0TXV8PyNY&ab_channel=ExploreFarmLife
25,smostino,smostino@addtoany.com,Stephannie Mostin,352174,Nullam porttitor lacus at turpis. Donec posuere metus vitae ipsum. Aliquam non mauris.,http://dummyimage.com/201x100.png/5fa2dd/ffffff,5,https://www.youtube.com/watch?v=tPdKmQyh6W8&ab_channel=ExploreFarmLife
26,kmcduallp,kmcduallp@loc.gov,Katie McDuall,,"Curabitur at ipsum ac tellus semper interdum. Mauris ullamcorper purus sit amet nulla. Quisque arcu libero, rutrum ac, lobortis vel, dapibus at, diam.",http://dummyimage.com/136x100.png/dddddd/000000,2,https://www.youtube.com/watch?v=tPdKmQyh6W8&ab_channel=ExploreFarmLife
27,igatusq,igatusq@ucoz.com,Israel Gatus,,Phasellus in felis. Donec semper sapien a libero. Nam dui.,http://dummyimage.com/138x100.png/ff4444/ffffff,5,https://www.youtube.com/watch?v=0q0TXV8PyNY&ab_channel=ExploreFarmLife
28,fhoyter,fhoyter@harvard.edu,Filippa Hoyte,44700-000,"Proin leo odio, porttitor id, consequat in, consequat ut, nulla. Sed accumsan felis. Ut at dolor quis odio consequat varius.",http://dummyimage.com/136x100.png/cc0000/ffffff,3,https://www.youtube.com/watch?v=0q0TXV8PyNY&ab_channel=ExploreFarmLife
29,holanders,holanders@prnewswire.com,Hyacinthe Olander,,"Quisque id justo sit amet sapien dignissim vestibulum. Vestibulum ante ipsum primis in faucibus orci luctus et ultrices posuere cubilia Curae; Nulla dapibus dolor vel est. Donec odio justo, sollicitudin ut, suscipit a, feugiat et, eros.",http://dummyimage.com/211x100.png/ff4444/ffffff,4,https://www.youtube.com/watch?v=0q0TXV8PyNY&ab_channel=ExploreFarmLife
30,mhodjettst,mhodjettst@ihg.com,Mureil Hodjetts,,"Morbi porttitor lorem id ligula. Suspendisse ornare consequat lectus. In est risus, auctor sed, tristique in, tempus sit amet, sem.",http://dummyimage.com/166x100.png/5fa2dd/ffffff,1,https://www.youtube.com/watch?v=0q0TXV8PyNY&ab_channel=ExploreFarmLife
31,ikeitchu,ikeitchu@ask.com,Issie Keitch,2785-581,Nulla ut erat id mauris vulputate elementum. Nullam varius. Nulla facilisi.,http://dummyimage.com/142x100.png/5fa2dd/ffffff,3,https://www.youtube.com/watch?v=tPdKmQyh6W8&ab_channel=ExploreFarmLife
32,gwallheadv,gwallheadv@tmall.com,Giffer Wallhead,S6J,"Curabitur in libero ut massa volutpat convallis. Morbi odio odio, elementum eu, interdum eu, tincidunt in, leo. Maecenas pulvinar lobortis est.",http://dummyimage.com/150x100.png/ff4444/ffffff,3,https://www.youtube.com/watch?v=tPdKmQyh6W8&ab_channel=ExploreFarmLife
33,vgwillimw,vgwillimw@cbsnews.com,Vito Gwillim,197-0011,"Quisque id justo sit amet sapien dignissim vestibulum. Vestibulum ante ipsum primis in faucibus orci luctus et ultrices posuere cubilia Curae; Nulla dapibus dolor vel est. Donec odio justo, sollicitudin ut, suscipit a, feugiat et, eros.",http://dummyimage.com/164x100.png/dddddd/000000,4,https://www.youtube.com/watch?v=tPdKmQyh6W8&ab_channel=ExploreFarmLife
34,nrisebrowx,nrisebrowx@yellowpages.com,Nicolette Risebrow,301320,"Maecenas leo odio, condimentum id, luctus nec, molestie sed, justo. Pellentesque viverra pede ac diam. Cras pellentesque volutpat dui.",http://dummyimage.com/206x100.png/ff4444/ffffff,1,https://www.youtube.com/watch?v=tPdKmQyh6W8&ab_channel=ExploreFarmLife
35,fsantusy,fsantusy@smh.com.au,Frederigo Santus,,"Aenean fermentum. Donec ut mauris eget massa tempor convallis. Nulla neque libero, convallis eget, eleifend luctus, ultricies eu, nibh.",http://dummyimage.com/205x100.png/cc0000/ffffff,1,https://www.youtube.com/watch?v=0q0TXV8PyNY&ab_channel=ExploreFarmLife
36,bspillmanz,bspillmanz@noaa.gov,Baxie Spillman,,Aliquam quis turpis eget elit sodales scelerisque. Mauris sit amet eros. Suspendisse accumsan tortor quis turpis.,http://dummyimage.com/144x100.png/ff4444/ffffff,3,https://www.youtube.com/watch?v=0q0TXV8PyNY&ab_channel=ExploreFarmLife
37,apoland10,apoland10@fotki.com,Asher Poland,391237,"Curabitur at ipsum ac tellus semper interdum. Mauris ullamcorper purus sit amet nulla. Quisque arcu libero, rutrum ac, lobortis vel, dapibus at, diam.",http://dummyimage.com/165x100.png/5fa2dd/ffffff,1,https://www.youtube.com/watch?v=0q0TXV8PyNY&ab_channel=ExploreFarmLife
38,xsked11,xsked11@bravesites.com,Xerxes Sked,,Nullam porttitor lacus at turpis. Donec posuere metus vitae ipsum. Aliquam non mauris.,http://dummyimage.com/127x100.png/ff4444/ffffff,5,https://www.youtube.com/watch?v=0q0TXV8PyNY&ab_channel=ExploreFarmLife
39,bchallener12,bchallener12@google.com,Bone Challener,70116,Duis bibendum. Morbi non quam nec dui luctus rutrum. Nulla tellus.,http://dummyimage.com/174x100.png/ff4444/ffffff,3,https://www.youtube.com/watch?v=0q0TXV8PyNY&ab_channel=ExploreFarmLife
40,bfilliskirk13,bfilliskirk13@ifeng.com,Bengt Filliskirk,,"Maecenas leo odio, condimentum id, luctus nec, molestie sed, justo. Pellentesque viverra pede ac diam. Cras pellentesque volutpat dui.",http://dummyimage.com/160x100.png/dddddd/000000,3,https://www.youtube.com/watch?v=0q0TXV8PyNY&ab_channel=ExploreFarmLife
41,dafield14,dafield14@sphinn.com,Dene Afield,452800,Praesent id massa id nisl venenatis lacinia. Aenean sit amet justo. Morbi ut odio.,http://dummyimage.com/172x100.png/ff4444/ffffff,1,https://www.youtube.com/watch?v=tPdKmQyh6W8&ab_channel=ExploreFarmLife
42,sbartrap15,sbartrap15@live.com,Shaine Bartrap,,Phasellus in felis. Donec semper sapien a libero. Nam dui.,http://dummyimage.com/137x100.png/ff4444/ffffff,4,https://www.youtube.com/watch?v=0q0TXV8PyNY&ab_channel=ExploreFarmLife
43,msteptoe16,msteptoe16@deliciousdays.com,Milicent Steptoe,,Nullam sit amet turpis elementum ligula vehicula consequat. Morbi a ipsum. Integer a nibh.,http://dummyimage.com/179x100.png/5fa2dd/ffffff,1,https://www.youtube.com/watch?v=0q0TXV8PyNY&ab_channel=ExploreFarmLife
44,llawlan17,llawlan17@mysql.com,Leupold Lawlan,703018,Phasellus in felis. Donec semper sapien a libero. Nam dui.,http://dummyimage.com/179x100.png/cc0000/ffffff,4,https://www.youtube.com/watch?v=0q0TXV8PyNY&ab_channel=ExploreFarmLife
45,iduck18,iduck18@shutterfly.com,Ibbie Duck,,Etiam vel augue. Vestibulum rutrum rutrum neque. Aenean auctor gravida sem.,http://dummyimage.com/189x100.png/dddddd/000000,1,https://www.youtube.com/watch?v=tPdKmQyh6W8&ab_channel=ExploreFarmLife
46,nhorney19,nhorney19@nba.com,Nana Horney,2135-027,"Maecenas tristique, est et tempus semper, est quam pharetra magna, ac consequat metus sapien ut nunc. Vestibulum ante ipsum primis in faucibus orci luctus et ultrices posuere cubilia Curae; Mauris viverra diam vitae quam. Suspendisse potenti.",http://dummyimage.com/204x100.png/ff4444/ffffff,1,https://www.youtube.com/watch?v=0q0TXV8PyNY&ab_channel=ExploreFarmLife
47,lscatcher1a,lscatcher1a@lulu.com,Lyell Scatcher,39860-000,Aenean lectus. Pellentesque eget nunc. Donec quis orci eget orci vehicula condimentum.,http://dummyimage.com/189x100.png/ff4444/ffffff,3,https://www.youtube.com/watch?v=tPdKmQyh6W8&ab_channel=ExploreFarmLife
48,lwaycot1b,lwaycot1b@phpbb.com,Lynna Waycot,,"Morbi non lectus. Aliquam sit amet diam in magna bibendum imperdiet. Nullam orci pede, venenatis non, sodales sed, tincidunt eu, felis.",http://dummyimage.com/114x100.png/dddddd/000000,5,https://www.youtube.com/watch?v=0q0TXV8PyNY&ab_channel=ExploreFarmLife
49,cpetrovsky1c,cpetrovsky1c@discuz.net,Connie Petrovsky,,"Aenean fermentum. Donec ut mauris eget massa tempor convallis. Nulla neque libero, convallis eget, eleifend luctus, ultricies eu, nibh.",http://dummyimage.com/159x100.png/dddddd/000000,5,https://www.youtube.com/watch?v=tPdKmQyh6W8&ab_channel=ExploreFarmLife
50,nochterlonie1d,nochterlonie1d@domainmarket.com,Nester Ochterlonie,,Nullam porttitor lacus at turpis. Donec posuere metus vitae ipsum. Aliquam non mauris.,http://dummyimage.com/238x100.png/dddddd/000000,5,https://www.youtube.com/watch?v=tPdKmQyh6W8&ab_channel=ExploreFarmLife
51,shyne1e,shyne1e@eventbrite.com,Sarah Hyne,141028,In quis justo. Maecenas rhoncus aliquam lacus. Morbi quis tortor id nulla ultrices aliquet.,http://dummyimage.com/187x100.png/cc0000/ffffff,1,https://www.youtube.com/watch?v=tPdKmQyh6W8&ab_channel=ExploreFarmLife
52,njeandillou1f,njeandillou1f@com.com,Nola Jeandillou,25130,Aenean lectus. Pellentesque eget nunc. Donec quis orci eget orci vehicula condimentum.,http://dummyimage.com/125x100.png/ff4444/ffffff,2,https://www.youtube.com/watch?v=tPdKmQyh6W8&ab_channel=ExploreFarmLife
53,dlytton1g,dlytton1g@abc.net.au,Durant Lytton,,"Maecenas tristique, est et tempus semper, est quam pharetra magna, ac consequat metus sapien ut nunc. Vestibulum ante ipsum primis in faucibus orci luctus et ultrices posuere cubilia Curae; Mauris viverra diam vitae quam. Suspendisse potenti.",http://dummyimage.com/108x100.png/dddddd/000000,4,https://www.youtube.com/watch?v=tPdKmQyh6W8&ab_channel=ExploreFarmLife
54,jclemendet1h,jclemendet1h@shutterfly.com,Jodi Clemendet,8411,"Vestibulum quam sapien, varius ut, blandit non, interdum in, ante. Vestibulum ante ipsum primis in faucibus orci luctus et ultrices posuere cubilia Curae; Duis faucibus accumsan odio. Curabitur convallis.",http://dummyimage.com/198x100.png/cc0000/ffffff,1,https://www.youtube.com/watch?v=0q0TXV8PyNY&ab_channel=ExploreFarmLife
55,cskerm1i,cskerm1i@blogs.com,Cody Skerm,,Integer tincidunt ante vel ipsum. Praesent blandit lacinia erat. Vestibulum sed magna at nunc commodo placerat.,http://dummyimage.com/156x100.png/dddddd/000000,3,https://www.youtube.com/watch?v=tPdKmQyh6W8&ab_channel=ExploreFarmLife
56,rpidler1j,rpidler1j@salon.com,Randolph Pidler,5250,Integer ac leo. Pellentesque ultrices mattis odio. Donec vitae nisi.,http://dummyimage.com/102x100.png/ff4444/ffffff,4,https://www.youtube.com/watch?v=0q0TXV8PyNY&ab_channel=ExploreFarmLife
57,gmeyrick1k,gmeyrick1k@nps.gov,Gerri Meyrick,2710-145,"Curabitur in libero ut massa volutpat convallis. Morbi odio odio, elementum eu, interdum eu, tincidunt in, leo. Maecenas pulvinar lobortis est.",http://dummyimage.com/164x100.png/dddddd/000000,3,https://www.youtube.com/watch?v=tPdKmQyh6W8&ab_channel=ExploreFarmLife
58,tobruen1l,tobruen1l@gnu.org,Tamarah O'Bruen,,"Duis bibendum, felis sed interdum venenatis, turpis enim blandit mi, in porttitor pede justo eu massa. Donec dapibus. Duis at velit eu est congue elementum.",http://dummyimage.com/183x100.png/cc0000/ffffff,4,https://www.youtube.com/watch?v=tPdKmQyh6W8&ab_channel=ExploreFarmLife
59,dfryer1m,dfryer1m@newsvine.com,Dorie Fryer,8107,Phasellus sit amet erat. Nulla tempus. Vivamus in felis eu sapien cursus vestibulum.,http://dummyimage.com/130x100.png/cc0000/ffffff,3,https://www.youtube.com/watch?v=0q0TXV8PyNY&ab_channel=ExploreFarmLife
60,sromushkin1n,sromushkin1n@bing.com,Shaylyn Romushkin,,"Mauris enim leo, rhoncus sed, vestibulum sit amet, cursus id, turpis. Integer aliquet, massa id lobortis convallis, tortor risus dapibus augue, vel accumsan tellus nisi eu orci. Mauris lacinia sapien quis libero.",http://dummyimage.com/149x100.png/cc0000/ffffff,1,https://www.youtube.com/watch?v=tPdKmQyh6W8&ab_channel=ExploreFarmLife
61,hboerder1o,hboerder1o@prweb.com,Haley Boerder,403003,Pellentesque at nulla. Suspendisse potenti. Cras in purus eu magna vulputate luctus.,http://dummyimage.com/235x100.png/cc0000/ffffff,3,https://www.youtube.com/watch?v=0q0TXV8PyNY&ab_channel=ExploreFarmLife
62,tpalumbo1p,tpalumbo1p@unc.edu,Tannie Palumbo,,"Curabitur in libero ut massa volutpat convallis. Morbi odio odio, elementum eu, interdum eu, tincidunt in, leo. Maecenas pulvinar lobortis est.",http://dummyimage.com/129x100.png/cc0000/ffffff,5,https://www.youtube.com/watch?v=0q0TXV8PyNY&ab_channel=ExploreFarmLife
63,lleishman1q,lleishman1q@weather.com,Lenna Leishman,,Pellentesque at nulla. Suspendisse potenti. Cras in purus eu magna vulputate luctus.,http://dummyimage.com/174x100.png/5fa2dd/ffffff,5,https://www.youtube.com/watch?v=tPdKmQyh6W8&ab_channel=ExploreFarmLife
64,jde1r,jde1r@sciencedaily.com,Joye De Ruggero,,Nulla ut erat id mauris vulputate elementum. Nullam varius. Nulla facilisi.,http://dummyimage.com/205x100.png/5fa2dd/ffffff,5,https://www.youtube.com/watch?v=0q0TXV8PyNY&ab_channel=ExploreFarmLife
65,cslott1s,cslott1s@exblog.jp,Carver Slott,3400-044,Nullam sit amet turpis elementum ligula vehicula consequat. Morbi a ipsum. Integer a nibh.,http://dummyimage.com/153x100.png/cc0000/ffffff,2,https://www.youtube.com/watch?v=0q0TXV8PyNY&ab_channel=ExploreFarmLife
66,iantyshev1t,iantyshev1t@twitter.com,Inesita Antyshev,,"Proin eu mi. Nulla ac enim. In tempor, turpis nec euismod scelerisque, quam turpis adipiscing lorem, vitae mattis nibh ligula nec sem.",http://dummyimage.com/188x100.png/dddddd/000000,1,https://www.youtube.com/watch?v=tPdKmQyh6W8&ab_channel=ExploreFarmLife
67,astansfield1u,astansfield1u@prweb.com,Ainslee Stansfield,783 46,Nullam porttitor lacus at turpis. Donec posuere metus vitae ipsum. Aliquam non mauris.,http://dummyimage.com/137x100.png/cc0000/ffffff,2,https://www.youtube.com/watch?v=tPdKmQyh6W8&ab_channel=ExploreFarmLife
68,cmccullough1v,cmccullough1v@umn.edu,Chickie McCullough,,Duis consequat dui nec nisi volutpat eleifend. Donec ut dolor. Morbi vel lectus in quam fringilla rhoncus.,http://dummyimage.com/175x100.png/ff4444/ffffff,3,https://www.youtube.com/watch?v=tPdKmQyh6W8&ab_channel=ExploreFarmLife
69,wtratton1w,wtratton1w@is.gd,Wilone Tratton,54516 CEDEX,Fusce consequat. Nulla nisl. Nunc nisl.,http://dummyimage.com/192x100.png/5fa2dd/ffffff,5,https://www.youtube.com/watch?v=tPdKmQyh6W8&ab_channel=ExploreFarmLife
70,bcopnall1x,bcopnall1x@flickr.com,Billie Copnall,75784 CEDEX 16,Integer tincidunt ante vel ipsum. Praesent blandit lacinia erat. Vestibulum sed magna at nunc commodo placerat.,http://dummyimage.com/201x100.png/ff4444/ffffff,3,https://www.youtube.com/watch?v=0q0TXV8PyNY&ab_channel=ExploreFarmLife
71,dmillott1y,dmillott1y@cdbaby.com,Dorree Millott,37-530,Duis bibendum. Morbi non quam nec dui luctus rutrum. Nulla tellus.,http://dummyimage.com/214x100.png/cc0000/ffffff,5,https://www.youtube.com/watch?v=tPdKmQyh6W8&ab_channel=ExploreFarmLife
72,mjennings1z,mjennings1z@yale.edu,Morissa Jennings,13560-000,Fusce consequat. Nulla nisl. Nunc nisl.,http://dummyimage.com/248x100.png/cc0000/ffffff,4,https://www.youtube.com/watch?v=0q0TXV8PyNY&ab_channel=ExploreFarmLife
73,kgrewes20,kgrewes20@studiopress.com,Kizzee Grewes,783 71,Maecenas ut massa quis augue luctus tincidunt. Nulla mollis molestie lorem. Quisque ut erat.,http://dummyimage.com/200x100.png/ff4444/ffffff,1,https://www.youtube.com/watch?v=tPdKmQyh6W8&ab_channel=ExploreFarmLife
74,avanns21,avanns21@businesswire.com,Andie Vanns,618370,"Curabitur gravida nisi at nibh. In hac habitasse platea dictumst. Aliquam augue quam, sollicitudin vitae, consectetuer eget, rutrum at, lorem.",http://dummyimage.com/241x100.png/cc0000/ffffff,4,https://www.youtube.com/watch?v=tPdKmQyh6W8&ab_channel=ExploreFarmLife
75,smechic22,smechic22@ebay.com,Spence Mechic,66999,"Maecenas tristique, est et tempus semper, est quam pharetra magna, ac consequat metus sapien ut nunc. Vestibulum ante ipsum primis in faucibus orci luctus et ultrices posuere cubilia Curae; Mauris viverra diam vitae quam. Suspendisse potenti.",http://dummyimage.com/180x100.png/5fa2dd/ffffff,2,https://www.youtube.com/watch?v=tPdKmQyh6W8&ab_channel=ExploreFarmLife
76,tarkin23,tarkin23@nih.gov,Tuck Arkin,,"Vestibulum quam sapien, varius ut, blandit non, interdum in, ante. Vestibulum ante ipsum primis in faucibus orci luctus et ultrices posuere cubilia Curae; Duis faucibus accumsan odio. Curabitur convallis.",http://dummyimage.com/177x100.png/5fa2dd/ffffff,1,https://www.youtube.com/watch?v=tPdKmQyh6W8&ab_channel=ExploreFarmLife
77,nluty24,nluty24@icio.us,Norine Luty,,"Curabitur in libero ut massa volutpat convallis. Morbi odio odio, elementum eu, interdum eu, tincidunt in, leo. Maecenas pulvinar lobortis est.",http://dummyimage.com/115x100.png/cc0000/ffffff,3,https://www.youtube.com/watch?v=0q0TXV8PyNY&ab_channel=ExploreFarmLife
78,hsellner25,hsellner25@irs.gov,Hildegarde Sellner,422367,Duis aliquam convallis nunc. Proin at turpis a pede posuere nonummy. Integer non velit.,http://dummyimage.com/164x100.png/5fa2dd/ffffff,3,https://www.youtube.com/watch?v=0q0TXV8PyNY&ab_channel=ExploreFarmLife
79,csabine26,csabine26@rambler.ru,Chlo Sabine,,In hac habitasse platea dictumst. Etiam faucibus cursus urna. Ut tellus.,http://dummyimage.com/204x100.png/ff4444/ffffff,2,https://www.youtube.com/watch?v=0q0TXV8PyNY&ab_channel=ExploreFarmLife
80,dfiander27,dfiander27@theatlantic.com,Dione Fiander,739 39,"Proin eu mi. Nulla ac enim. In tempor, turpis nec euismod scelerisque, quam turpis adipiscing lorem, vitae mattis nibh ligula nec sem.",http://dummyimage.com/106x100.png/ff4444/ffffff,2,https://www.youtube.com/watch?v=tPdKmQyh6W8&ab_channel=ExploreFarmLife
81,fvarvara28,fvarvara28@etsy.com,Fitzgerald Varvara,,Maecenas ut massa quis augue luctus tincidunt. Nulla mollis molestie lorem. Quisque ut erat.,http://dummyimage.com/192x100.png/dddddd/000000,2,https://www.youtube.com/watch?v=0q0TXV8PyNY&ab_channel=ExploreFarmLife
82,nkenchington29,nkenchington29@artisteer.com,Nisse Kenchington,37-560,"Proin interdum mauris non ligula pellentesque ultrices. Phasellus id sapien in sapien iaculis congue. Vivamus metus arcu, adipiscing molestie, hendrerit at, vulputate vitae, nisl.",http://dummyimage.com/211x100.png/5fa2dd/ffffff,1,https://www.youtube.com/watch?v=tPdKmQyh6W8&ab_channel=ExploreFarmLife
83,nvallender2a,nvallender2a@blog.com,Nathanael Vallender,1320,"Quisque porta volutpat erat. Quisque erat eros, viverra eget, congue eget, semper rutrum, nulla. Nunc purus.",http://dummyimage.com/229x100.png/dddddd/000000,2,https://www.youtube.com/watch?v=0q0TXV8PyNY&ab_channel=ExploreFarmLife
84,crattenberie2b,crattenberie2b@ezinearticles.com,Carmella Rattenberie,62150,"Proin leo odio, porttitor id, consequat in, consequat ut, nulla. Sed accumsan felis. Ut at dolor quis odio consequat varius.",http://dummyimage.com/158x100.png/dddddd/000000,4,https://www.youtube.com/watch?v=tPdKmQyh6W8&ab_channel=ExploreFarmLife
85,cferrandez2c,cferrandez2c@pagesperso-orange.fr,Catherina Ferrandez,399088,"Curabitur in libero ut massa volutpat convallis. Morbi odio odio, elementum eu, interdum eu, tincidunt in, leo. Maecenas pulvinar lobortis est.",http://dummyimage.com/246x100.png/ff4444/ffffff,2,https://www.youtube.com/watch?v=tPdKmQyh6W8&ab_channel=ExploreFarmLife
86,yanderbrugge2d,yanderbrugge2d@independent.co.uk,Yasmeen Anderbrugge,97435,Duis aliquam convallis nunc. Proin at turpis a pede posuere nonummy. Integer non velit.,http://dummyimage.com/132x100.png/5fa2dd/ffffff,1,https://www.youtube.com/watch?v=tPdKmQyh6W8&ab_channel=ExploreFarmLife
87,fscurry2e,fscurry2e@usatoday.com,Fonzie Scurry,,Maecenas ut massa quis augue luctus tincidunt. Nulla mollis molestie lorem. Quisque ut erat.,http://dummyimage.com/104x100.png/cc0000/ffffff,3,https://www.youtube.com/watch?v=0q0TXV8PyNY&ab_channel=ExploreFarmLife
88,lellicott2f,lellicott2f@fda.gov,Larina Ellicott,,"Proin leo odio, porttitor id, consequat in, consequat ut, nulla. Sed accumsan felis. Ut at dolor quis odio consequat varius.",http://dummyimage.com/108x100.png/5fa2dd/ffffff,3,https://www.youtube.com/watch?v=0q0TXV8PyNY&ab_channel=ExploreFarmLife
89,gboor2g,gboor2g@friendfeed.com,Gael Boor,,Maecenas ut massa quis augue luctus tincidunt. Nulla mollis molestie lorem. Quisque ut erat.,http://dummyimage.com/127x100.png/dddddd/000000,2,https://www.youtube.com/watch?v=tPdKmQyh6W8&ab_channel=ExploreFarmLife
90,hbrixey2h,hbrixey2h@barnesandnoble.com,Hamnet Brixey,162 15,"Curabitur at ipsum ac tellus semper interdum. Mauris ullamcorper purus sit amet nulla. Quisque arcu libero, rutrum ac, lobortis vel, dapibus at, diam.",http://dummyimage.com/235x100.png/ff4444/ffffff,2,https://www.youtube.com/watch?v=0q0TXV8PyNY&ab_channel=ExploreFarmLife
91,ksteuart2i,ksteuart2i@independent.co.uk,Kaylyn Steuart,,Praesent id massa id nisl venenatis lacinia. Aenean sit amet justo. Morbi ut odio.,http://dummyimage.com/182x100.png/dddddd/000000,2,https://www.youtube.com/watch?v=tPdKmQyh6W8&ab_channel=ExploreFarmLife
92,ybiaggioni2j,ybiaggioni2j@behance.net,Yoko Biaggioni,21310,Praesent id massa id nisl venenatis lacinia. Aenean sit amet justo. Morbi ut odio.,http://dummyimage.com/225x100.png/cc0000/ffffff,5,https://www.youtube.com/watch?v=0q0TXV8PyNY&ab_channel=ExploreFarmLife
93,nensor2k,nensor2k@mtv.com,Ninetta Ensor,4820-013,"In hac habitasse platea dictumst. Morbi vestibulum, velit id pretium iaculis, diam erat fermentum justo, nec condimentum neque sapien placerat ante. Nulla justo.",http://dummyimage.com/237x100.png/dddddd/000000,2,https://www.youtube.com/watch?v=tPdKmQyh6W8&ab_channel=ExploreFarmLife
94,jpieche2l,jpieche2l@nature.com,Joy Pieche,6332,Phasellus sit amet erat. Nulla tempus. Vivamus in felis eu sapien cursus vestibulum.,http://dummyimage.com/179x100.png/cc0000/ffffff,4,https://www.youtube.com/watch?v=tPdKmQyh6W8&ab_channel=ExploreFarmLife
95,shallaways2m,shallaways2m@printfriendly.com,Serena Hallaways,,Cras non velit nec nisi vulputate nonummy. Maecenas tincidunt lacus at velit. Vivamus vel nulla eget eros elementum pellentesque.,http://dummyimage.com/139x100.png/5fa2dd/ffffff,2,https://www.youtube.com/watch?v=tPdKmQyh6W8&ab_channel=ExploreFarmLife
96,ljowsey2n,ljowsey2n@mapquest.com,Leon Jowsey,,Nullam porttitor lacus at turpis. Donec posuere metus vitae ipsum. Aliquam non mauris.,http://dummyimage.com/239x100.png/5fa2dd/ffffff,2,https://www.youtube.com/watch?v=tPdKmQyh6W8&ab_channel=ExploreFarmLife
97,fjeafferson2o,fjeafferson2o@icio.us,Franky Jeafferson,37260-000,Nullam porttitor lacus at turpis. Donec posuere metus vitae ipsum. Aliquam non mauris.,http://dummyimage.com/250x100.png/cc0000/ffffff,1,https://www.youtube.com/watch?v=tPdKmQyh6W8&ab_channel=ExploreFarmLife
98,jfrancis2p,jfrancis2p@about.com,Jehu Francis,690880,"In sagittis dui vel nisl. Duis ac nibh. Fusce lacus purus, aliquet at, feugiat non, pretium quis, lectus.",http://dummyimage.com/142x100.png/cc0000/ffffff,5,https://www.youtube.com/watch?v=0q0TXV8PyNY&ab_channel=ExploreFarmLife
99,glayson2q,glayson2q@linkedin.com,Georas Layson,1114,"Fusce posuere felis sed lacus. Morbi sem mauris, laoreet ut, rhoncus aliquet, pulvinar sed, nisl. Nunc rhoncus dui vel sem.",http://dummyimage.com/204x100.png/cc0000/ffffff,1,https://www.youtube.com/watch?v=tPdKmQyh6W8&ab_channel=ExploreFarmLife
100,sgauson2r,sgauson2r@usgs.gov,Sawyer Gauson,636845,"Curabitur gravida nisi at nibh. In hac habitasse platea dictumst. Aliquam augue quam, sollicitudin vitae, consectetuer eget, rutrum at, lorem.",http://dummyimage.com/184x100.png/cc0000/ffffff,2,https://www.youtube.com/watch?v=tPdKmQyh6W8&ab_channel=ExploreFarmLife
101,tbucktharp2s,tbucktharp2s@mlb.com,Trudi Bucktharp,,"Quisque id justo sit amet sapien dignissim vestibulum. Vestibulum ante ipsum primis in faucibus orci luctus et ultrices posuere cubilia Curae; Nulla dapibus dolor vel est. Donec odio justo, sollicitudin ut, suscipit a, feugiat et, eros.",http://dummyimage.com/158x100.png/ff4444/ffffff,5,https://www.youtube.com/watch?v=tPdKmQyh6W8&ab_channel=ExploreFarmLife
102,sarnowitz2t,sarnowitz2t@stumbleupon.com,Shellie Arnowitz,,"Quisque porta volutpat erat. Quisque erat eros, viverra eget, congue eget, semper rutrum, nulla. Nunc purus.",http://dummyimage.com/109x100.png/5fa2dd/ffffff,3,https://www.youtube.com/watch?v=tPdKmQyh6W8&ab_channel=ExploreFarmLife
103,ksego2u,ksego2u@dot.gov,Kariotta Sego,7209,"Fusce posuere felis sed lacus. Morbi sem mauris, laoreet ut, rhoncus aliquet, pulvinar sed, nisl. Nunc rhoncus dui vel sem.",http://dummyimage.com/246x100.png/cc0000/ffffff,5,https://www.youtube.com/watch?v=0q0TXV8PyNY&ab_channel=ExploreFarmLife
104,rcapnerhurst2v,rcapnerhurst2v@amazon.co.jp,Roxine Capnerhurst,19120,"Quisque id justo sit amet sapien dignissim vestibulum. Vestibulum ante ipsum primis in faucibus orci luctus et ultrices posuere cubilia Curae; Nulla dapibus dolor vel est. Donec odio justo, sollicitudin ut, suscipit a, feugiat et, eros.",http://dummyimage.com/114x100.png/ff4444/ffffff,4,https://www.youtube.com/watch?v=tPdKmQyh6W8&ab_channel=ExploreFarmLife
105,gcamsey2w,gcamsey2w@booking.com,Gilberto Camsey,,"Proin eu mi. Nulla ac enim. In tempor, turpis nec euismod scelerisque, quam turpis adipiscing lorem, vitae mattis nibh ligula nec sem.",http://dummyimage.com/223x100.png/5fa2dd/ffffff,3,https://www.youtube.com/watch?v=tPdKmQyh6W8&ab_channel=ExploreFarmLife
106,cmckyrrelly2x,cmckyrrelly2x@npr.org,Cosette McKyrrelly,,"In sagittis dui vel nisl. Duis ac nibh. Fusce lacus purus, aliquet at, feugiat non, pretium quis, lectus.",http://dummyimage.com/204x100.png/cc0000/ffffff,1,https://www.youtube.com/watch?v=0q0TXV8PyNY&ab_channel=ExploreFarmLife
107,mcunliffe2y,mcunliffe2y@businessweek.com,Maible Cunliffe,,"Morbi non lectus. Aliquam sit amet diam in magna bibendum imperdiet. Nullam orci pede, venenatis non, sodales sed, tincidunt eu, felis.",http://dummyimage.com/201x100.png/dddddd/000000,1,https://www.youtube.com/watch?v=0q0TXV8PyNY&ab_channel=ExploreFarmLife
108,lrichardt2z,lrichardt2z@pagesperso-orange.fr,Lenee Richardt,,"Proin leo odio, porttitor id, consequat in, consequat ut, nulla. Sed accumsan felis. Ut at dolor quis odio consequat varius.",http://dummyimage.com/106x100.png/ff4444/ffffff,5,https://www.youtube.com/watch?v=tPdKmQyh6W8&ab_channel=ExploreFarmLife
109,egalia30,egalia30@jigsy.com,Em Galia,70820,"Cras mi pede, malesuada in, imperdiet et, commodo vulputate, justo. In blandit ultrices enim. Lorem ipsum dolor sit amet, consectetuer adipiscing elit.",http://dummyimage.com/106x100.png/dddddd/000000,3,https://www.youtube.com/watch?v=tPdKmQyh6W8&ab_channel=ExploreFarmLife
110,jbenka31,jbenka31@unesco.org,Jerad Benka,,"Curabitur in libero ut massa volutpat convallis. Morbi odio odio, elementum eu, interdum eu, tincidunt in, leo. Maecenas pulvinar lobortis est.",http://dummyimage.com/186x100.png/5fa2dd/ffffff,3,https://www.youtube.com/watch?v=0q0TXV8PyNY&ab_channel=ExploreFarmLife
111,hcarncross32,hcarncross32@dmoz.org,Hinda Carncross,2870-514,Duis consequat dui nec nisi volutpat eleifend. Donec ut dolor. Morbi vel lectus in quam fringilla rhoncus.,http://dummyimage.com/146x100.png/cc0000/ffffff,4,https://www.youtube.com/watch?v=tPdKmQyh6W8&ab_channel=ExploreFarmLife
112,lfilippozzi33,lfilippozzi33@jalbum.net,Lilah Filippozzi,,"Curabitur gravida nisi at nibh. In hac habitasse platea dictumst. Aliquam augue quam, sollicitudin vitae, consectetuer eget, rutrum at, lorem.",http://dummyimage.com/155x100.png/cc0000/ffffff,2,https://www.youtube.com/watch?v=0q0TXV8PyNY&ab_channel=ExploreFarmLife
113,jschuler34,jschuler34@scientificamerican.com,Janette Schuler,,"Quisque id justo sit amet sapien dignissim vestibulum. Vestibulum ante ipsum primis in faucibus orci luctus et ultrices posuere cubilia Curae; Nulla dapibus dolor vel est. Donec odio justo, sollicitudin ut, suscipit a, feugiat et, eros.",http://dummyimage.com/232x100.png/cc0000/ffffff,2,https://www.youtube.com/watch?v=tPdKmQyh6W8&ab_channel=ExploreFarmLife
114,kcoleshill35,kcoleshill35@mlb.com,Kyle Coleshill,,Nullam porttitor lacus at turpis. Donec posuere metus vitae ipsum. Aliquam non mauris.,http://dummyimage.com/242x100.png/5fa2dd/ffffff,3,https://www.youtube.com/watch?v=0q0TXV8PyNY&ab_channel=ExploreFarmLife
115,jmathely36,jmathely36@ning.com,Jacklin Mathely,,"Maecenas leo odio, condimentum id, luctus nec, molestie sed, justo. Pellentesque viverra pede ac diam. Cras pellentesque volutpat dui.",http://dummyimage.com/204x100.png/cc0000/ffffff,1,https://www.youtube.com/watch?v=0q0TXV8PyNY&ab_channel=ExploreFarmLife
116,cwoodhouse37,cwoodhouse37@vistaprint.com,Cullie Woodhouse,,Duis consequat dui nec nisi volutpat eleifend. Donec ut dolor. Morbi vel lectus in quam fringilla rhoncus.,http://dummyimage.com/111x100.png/dddddd/000000,1,https://www.youtube.com/watch?v=tPdKmQyh6W8&ab_channel=ExploreFarmLife
117,mwoakes38,mwoakes38@flavors.me,Meta Woakes,,"Cum sociis natoque penatibus et magnis dis parturient montes, nascetur ridiculus mus. Vivamus vestibulum sagittis sapien. Cum sociis natoque penatibus et magnis dis parturient montes, nascetur ridiculus mus.",http://dummyimage.com/197x100.png/ff4444/ffffff,1,https://www.youtube.com/watch?v=tPdKmQyh6W8&ab_channel=ExploreFarmLife
118,acastagnier39,acastagnier39@shop-pro.jp,Andra Castagnier,32304,"Fusce posuere felis sed lacus. Morbi sem mauris, laoreet ut, rhoncus aliquet, pulvinar sed, nisl. Nunc rhoncus dui vel sem.",http://dummyimage.com/246x100.png/5fa2dd/ffffff,5,https://www.youtube.com/watch?v=tPdKmQyh6W8&ab_channel=ExploreFarmLife
119,ddoding3a,ddoding3a@csmonitor.com,Diane-marie Doding,694230,"Duis bibendum, felis sed interdum venenatis, turpis enim blandit mi, in porttitor pede justo eu massa. Donec dapibus. Duis at velit eu est congue elementum.",http://dummyimage.com/185x100.png/dddddd/000000,1,https://www.youtube.com/watch?v=tPdKmQyh6W8&ab_channel=ExploreFarmLife
120,ctamburo3b,ctamburo3b@unesco.org,Candide Tamburo,424 55,"In sagittis dui vel nisl. Duis ac nibh. Fusce lacus purus, aliquet at, feugiat non, pretium quis, lectus.",http://dummyimage.com/106x100.png/5fa2dd/ffffff,3,https://www.youtube.com/watch?v=tPdKmQyh6W8&ab_channel=ExploreFarmLife
121,rglanester3c,rglanester3c@usnews.com,Rani Glanester,,Sed ante. Vivamus tortor. Duis mattis egestas metus.,http://dummyimage.com/162x100.png/5fa2dd/ffffff,4,https://www.youtube.com/watch?v=0q0TXV8PyNY&ab_channel=ExploreFarmLife
122,adraycott3d,adraycott3d@amazon.de,Ana Draycott,463 46,Etiam vel augue. Vestibulum rutrum rutrum neque. Aenean auctor gravida sem.,http://dummyimage.com/114x100.png/dddddd/000000,3,https://www.youtube.com/watch?v=0q0TXV8PyNY&ab_channel=ExploreFarmLife
123,rsambals3e,rsambals3e@irs.gov,Raquel Sambals,1695,Aenean lectus. Pellentesque eget nunc. Donec quis orci eget orci vehicula condimentum.,http://dummyimage.com/177x100.png/5fa2dd/ffffff,2,https://www.youtube.com/watch?v=tPdKmQyh6W8&ab_channel=ExploreFarmLife
124,blicciardo3f,blicciardo3f@pagesperso-orange.fr,Bernie Licciardo,412184,In hac habitasse platea dictumst. Etiam faucibus cursus urna. Ut tellus.,http://dummyimage.com/189x100.png/ff4444/ffffff,5,https://www.youtube.com/watch?v=0q0TXV8PyNY&ab_channel=ExploreFarmLife
125,acellier3g,acellier3g@elpais.com,Aundrea Cellier,92880,Fusce consequat. Nulla nisl. Nunc nisl.,http://dummyimage.com/207x100.png/5fa2dd/ffffff,2,https://www.youtube.com/watch?v=0q0TXV8PyNY&ab_channel=ExploreFarmLife
126,dheliot3h,dheliot3h@mac.com,Dorelle Heliot,70593,"Curabitur gravida nisi at nibh. In hac habitasse platea dictumst. Aliquam augue quam, sollicitudin vitae, consectetuer eget, rutrum at, lorem.",http://dummyimage.com/137x100.png/5fa2dd/ffffff,2,https://www.youtube.com/watch?v=0q0TXV8PyNY&ab_channel=ExploreFarmLife
127,gdummigan3i,gdummigan3i@mozilla.org,Germayne Dummigan,7933,"Nam ultrices, libero non mattis pulvinar, nulla pede ullamcorper augue, a suscipit nulla elit ac nulla. Sed vel enim sit amet nunc viverra dapibus. Nulla suscipit ligula in lacus.",http://dummyimage.com/187x100.png/dddddd/000000,3,https://www.youtube.com/watch?v=0q0TXV8PyNY&ab_channel=ExploreFarmLife
128,mrudledge3j,mrudledge3j@amazon.de,Melisse Rudledge,40110,"Lorem ipsum dolor sit amet, consectetuer adipiscing elit. Proin risus. Praesent lectus.",http://dummyimage.com/195x100.png/ff4444/ffffff,1,https://www.youtube.com/watch?v=tPdKmQyh6W8&ab_channel=ExploreFarmLife
129,sgreengrass3k,sgreengrass3k@cornell.edu,Salomone Greengrass,8511,"Curabitur at ipsum ac tellus semper interdum. Mauris ullamcorper purus sit amet nulla. Quisque arcu libero, rutrum ac, lobortis vel, dapibus at, diam.",http://dummyimage.com/168x100.png/ff4444/ffffff,3,https://www.youtube.com/watch?v=tPdKmQyh6W8&ab_channel=ExploreFarmLife
130,dilyushkin3l,dilyushkin3l@elegantthemes.com,Dana Ilyushkin,70030 CEDEX,"Morbi porttitor lorem id ligula. Suspendisse ornare consequat lectus. In est risus, auctor sed, tristique in, tempus sit amet, sem.",http://dummyimage.com/163x100.png/cc0000/ffffff,1,https://www.youtube.com/watch?v=0q0TXV8PyNY&ab_channel=ExploreFarmLife
131,dwooffitt3m,dwooffitt3m@tripod.com,Darcy Wooffitt,3165,Suspendisse potenti. In eleifend quam a odio. In hac habitasse platea dictumst.,http://dummyimage.com/199x100.png/ff4444/ffffff,2,https://www.youtube.com/watch?v=tPdKmQyh6W8&ab_channel=ExploreFarmLife
132,dennals3n,dennals3n@sourceforge.net,Duncan Ennals,4845-028,Nullam sit amet turpis elementum ligula vehicula consequat. Morbi a ipsum. Integer a nibh.,http://dummyimage.com/123x100.png/ff4444/ffffff,2,https://www.youtube.com/watch?v=0q0TXV8PyNY&ab_channel=ExploreFarmLife
133,fcoyte3o,fcoyte3o@prnewswire.com,Francyne Coyte,47100-000,Cras non velit nec nisi vulputate nonummy. Maecenas tincidunt lacus at velit. Vivamus vel nulla eget eros elementum pellentesque.,http://dummyimage.com/173x100.png/ff4444/ffffff,1,https://www.youtube.com/watch?v=0q0TXV8PyNY&ab_channel=ExploreFarmLife
134,isargison3p,isargison3p@oakley.com,Isador Sargison,142152,Maecenas ut massa quis augue luctus tincidunt. Nulla mollis molestie lorem. Quisque ut erat.,http://dummyimage.com/188x100.png/dddddd/000000,3,https://www.youtube.com/watch?v=0q0TXV8PyNY&ab_channel=ExploreFarmLife
135,ecripps3q,ecripps3q@hp.com,Ekaterina Cripps,,Etiam vel augue. Vestibulum rutrum rutrum neque. Aenean auctor gravida sem.,http://dummyimage.com/137x100.png/5fa2dd/ffffff,5,https://www.youtube.com/watch?v=0q0TXV8PyNY&ab_channel=ExploreFarmLife
136,sstranks3r,sstranks3r@cisco.com,Slade Stranks,3320,Sed ante. Vivamus tortor. Duis mattis egestas metus.,http://dummyimage.com/143x100.png/ff4444/ffffff,2,https://www.youtube.com/watch?v=0q0TXV8PyNY&ab_channel=ExploreFarmLife
137,ebeedham3s,ebeedham3s@51.la,Everett Beedham,,Nullam porttitor lacus at turpis. Donec posuere metus vitae ipsum. Aliquam non mauris.,http://dummyimage.com/165x100.png/ff4444/ffffff,5,https://www.youtube.com/watch?v=tPdKmQyh6W8&ab_channel=ExploreFarmLife
138,cdugood3t,cdugood3t@amazon.co.jp,Carmelia Dugood,,Duis consequat dui nec nisi volutpat eleifend. Donec ut dolor. Morbi vel lectus in quam fringilla rhoncus.,http://dummyimage.com/171x100.png/5fa2dd/ffffff,2,https://www.youtube.com/watch?v=0q0TXV8PyNY&ab_channel=ExploreFarmLife
139,dfalla3u,dfalla3u@jiathis.com,Diahann Falla,4754,Fusce consequat. Nulla nisl. Nunc nisl.,http://dummyimage.com/195x100.png/dddddd/000000,1,https://www.youtube.com/watch?v=tPdKmQyh6W8&ab_channel=ExploreFarmLife
140,pmaltby3v,pmaltby3v@cdbaby.com,Payton Maltby,0960,"Cras mi pede, malesuada in, imperdiet et, commodo vulputate, justo. In blandit ultrices enim. Lorem ipsum dolor sit amet, consectetuer adipiscing elit.",http://dummyimage.com/225x100.png/dddddd/000000,1,https://www.youtube.com/watch?v=tPdKmQyh6W8&ab_channel=ExploreFarmLife
141,kkeighly3w,kkeighly3w@behance.net,Killian Keighly,40489,"Aenean fermentum. Donec ut mauris eget massa tempor convallis. Nulla neque libero, convallis eget, eleifend luctus, ultricies eu, nibh.",http://dummyimage.com/226x100.png/cc0000/ffffff,2,https://www.youtube.com/watch?v=tPdKmQyh6W8&ab_channel=ExploreFarmLife
142,aocuddie3x,aocuddie3x@microsoft.com,Aurthur O'Cuddie,,"Morbi porttitor lorem id ligula. Suspendisse ornare consequat lectus. In est risus, auctor sed, tristique in, tempus sit amet, sem.",http://dummyimage.com/176x100.png/ff4444/ffffff,2,https://www.youtube.com/watch?v=tPdKmQyh6W8&ab_channel=ExploreFarmLife
143,cunion3y,cunion3y@privacy.gov.au,Chantalle Union,4755-264,"Duis bibendum, felis sed interdum venenatis, turpis enim blandit mi, in porttitor pede justo eu massa. Donec dapibus. Duis at velit eu est congue elementum.",http://dummyimage.com/143x100.png/cc0000/ffffff,2,https://www.youtube.com/watch?v=tPdKmQyh6W8&ab_channel=ExploreFarmLife
144,rcody3z,rcody3z@wikia.com,Rhona Cody,,Duis aliquam convallis nunc. Proin at turpis a pede posuere nonummy. Integer non velit.,http://dummyimage.com/193x100.png/ff4444/ffffff,4,https://www.youtube.com/watch?v=tPdKmQyh6W8&ab_channel=ExploreFarmLife
145,tvasnetsov40,tvasnetsov40@sohu.com,Teriann Vasnetsov,,"Quisque id justo sit amet sapien dignissim vestibulum. Vestibulum ante ipsum primis in faucibus orci luctus et ultrices posuere cubilia Curae; Nulla dapibus dolor vel est. Donec odio justo, sollicitudin ut, suscipit a, feugiat et, eros.",http://dummyimage.com/200x100.png/dddddd/000000,4,https://www.youtube.com/watch?v=tPdKmQyh6W8&ab_channel=ExploreFarmLife
146,awoodroffe41,awoodroffe41@wix.com,Ashlen Woodroffe,,"In hac habitasse platea dictumst. Morbi vestibulum, velit id pretium iaculis, diam erat fermentum justo, nec condimentum neque sapien placerat ante. Nulla justo.",http://dummyimage.com/158x100.png/cc0000/ffffff,4,https://www.youtube.com/watch?v=tPdKmQyh6W8&ab_channel=ExploreFarmLife
147,jchesnay42,jchesnay42@amazon.co.uk,Jessi Chesnay,77224 CEDEX,"Duis bibendum, felis sed interdum venenatis, turpis enim blandit mi, in porttitor pede justo eu massa. Donec dapibus. Duis at velit eu est congue elementum.",http://dummyimage.com/124x100.png/5fa2dd/ffffff,5,https://www.youtube.com/watch?v=tPdKmQyh6W8&ab_channel=ExploreFarmLife
148,gculross43,gculross43@blogs.com,Giustina Culross,,Aenean lectus. Pellentesque eget nunc. Donec quis orci eget orci vehicula condimentum.,http://dummyimage.com/179x100.png/5fa2dd/ffffff,5,https://www.youtube.com/watch?v=tPdKmQyh6W8&ab_channel=ExploreFarmLife
149,everegan44,everegan44@seattletimes.com,Elliott Veregan,186000,"Sed sagittis. Nam congue, risus semper porta volutpat, quam pede lobortis ligula, sit amet eleifend pede libero quis orci. Nullam molestie nibh in lectus.",http://dummyimage.com/178x100.png/dddddd/000000,4,https://www.youtube.com/watch?v=tPdKmQyh6W8&ab_channel=ExploreFarmLife
150,ncollinson45,ncollinson45@delicious.com,Natka Collinson,,Duis bibendum. Morbi non quam nec dui luctus rutrum. Nulla tellus.,http://dummyimage.com/201x100.png/5fa2dd/ffffff,1,https://www.youtube.com/watch?v=0q0TXV8PyNY&ab_channel=ExploreFarmLife
151,tinggall46,tinggall46@hugedomains.com,Tildie Inggall,1097,Integer ac leo. Pellentesque ultrices mattis odio. Donec vitae nisi.,http://dummyimage.com/221x100.png/5fa2dd/ffffff,1,https://www.youtube.com/watch?v=tPdKmQyh6W8&ab_channel=ExploreFarmLife
152,bcawthron47,bcawthron47@un.org,Bella Cawthron,,Fusce consequat. Nulla nisl. Nunc nisl.,http://dummyimage.com/118x100.png/dddddd/000000,4,https://www.youtube.com/watch?v=tPdKmQyh6W8&ab_channel=ExploreFarmLife
153,wwoolway48,wwoolway48@newsvine.com,Willie Woolway,65191,"Nam ultrices, libero non mattis pulvinar, nulla pede ullamcorper augue, a suscipit nulla elit ac nulla. Sed vel enim sit amet nunc viverra dapibus. Nulla suscipit ligula in lacus.",http://dummyimage.com/167x100.png/cc0000/ffffff,2,https://www.youtube.com/watch?v=tPdKmQyh6W8&ab_channel=ExploreFarmLife
154,fde49,fde49@huffingtonpost.com,Forest De Biaggi,M4H,"Maecenas tristique, est et tempus semper, est quam pharetra magna, ac consequat metus sapien ut nunc. Vestibulum ante ipsum primis in faucibus orci luctus et ultrices posuere cubilia Curae; Mauris viverra diam vitae quam. Suspendisse potenti.",http://dummyimage.com/124x100.png/5fa2dd/ffffff,4,https://www.youtube.com/watch?v=tPdKmQyh6W8&ab_channel=ExploreFarmLife
155,nscorey4a,nscorey4a@surveymonkey.com,Nadia Scorey,,"Proin leo odio, porttitor id, consequat in, consequat ut, nulla. Sed accumsan felis. Ut at dolor quis odio consequat varius.",http://dummyimage.com/195x100.png/cc0000/ffffff,3,https://www.youtube.com/watch?v=tPdKmQyh6W8&ab_channel=ExploreFarmLife
156,dmellanby4b,dmellanby4b@google.co.uk,Dicky Mellanby,,Nulla ut erat id mauris vulputate elementum. Nullam varius. Nulla facilisi.,http://dummyimage.com/157x100.png/ff4444/ffffff,1,https://www.youtube.com/watch?v=tPdKmQyh6W8&ab_channel=ExploreFarmLife
157,kchisholme4c,kchisholme4c@twitpic.com,Kat Chisholme,,Aenean lectus. Pellentesque eget nunc. Donec quis orci eget orci vehicula condimentum.,http://dummyimage.com/196x100.png/cc0000/ffffff,5,https://www.youtube.com/watch?v=0q0TXV8PyNY&ab_channel=ExploreFarmLife
158,rmartugin4d,rmartugin4d@usnews.com,Rriocard Martugin,,Phasellus in felis. Donec semper sapien a libero. Nam dui.,http://dummyimage.com/201x100.png/dddddd/000000,3,https://www.youtube.com/watch?v=0q0TXV8PyNY&ab_channel=ExploreFarmLife
159,ynerheny4e,ynerheny4e@eepurl.com,Yettie Nerheny,5186,Integer ac leo. Pellentesque ultrices mattis odio. Donec vitae nisi.,http://dummyimage.com/124x100.png/dddddd/000000,4,https://www.youtube.com/watch?v=tPdKmQyh6W8&ab_channel=ExploreFarmLife
160,lcozzi4f,lcozzi4f@xrea.com,Lionel Cozzi,J1S,Duis bibendum. Morbi non quam nec dui luctus rutrum. Nulla tellus.,http://dummyimage.com/234x100.png/ff4444/ffffff,5,https://www.youtube.com/watch?v=0q0TXV8PyNY&ab_channel=ExploreFarmLife
161,llunam4g,llunam4g@dot.gov,Lazaro Lunam,,"Morbi porttitor lorem id ligula. Suspendisse ornare consequat lectus. In est risus, auctor sed, tristique in, tempus sit amet, sem.",http://dummyimage.com/120x100.png/ff4444/ffffff,4,https://www.youtube.com/watch?v=tPdKmQyh6W8&ab_channel=ExploreFarmLife
162,leskell4h,leskell4h@quantcast.com,Linnea Eskell,,"In sagittis dui vel nisl. Duis ac nibh. Fusce lacus purus, aliquet at, feugiat non, pretium quis, lectus.",http://dummyimage.com/126x100.png/cc0000/ffffff,4,https://www.youtube.com/watch?v=0q0TXV8PyNY&ab_channel=ExploreFarmLife
163,bcadd4i,bcadd4i@stanford.edu,Belvia Cadd,86660-000,"Aenean fermentum. Donec ut mauris eget massa tempor convallis. Nulla neque libero, convallis eget, eleifend luctus, ultricies eu, nibh.",http://dummyimage.com/202x100.png/ff4444/ffffff,3,https://www.youtube.com/watch?v=tPdKmQyh6W8&ab_channel=ExploreFarmLife
164,klalley4j,klalley4j@gravatar.com,Kingston Lalley,92640,Integer tincidunt ante vel ipsum. Praesent blandit lacinia erat. Vestibulum sed magna at nunc commodo placerat.,http://dummyimage.com/167x100.png/ff4444/ffffff,4,https://www.youtube.com/watch?v=tPdKmQyh6W8&ab_channel=ExploreFarmLife
165,gkierans4k,gkierans4k@berkeley.edu,Glad Kierans,,"Morbi porttitor lorem id ligula. Suspendisse ornare consequat lectus. In est risus, auctor sed, tristique in, tempus sit amet, sem.",http://dummyimage.com/166x100.png/dddddd/000000,5,https://www.youtube.com/watch?v=0q0TXV8PyNY&ab_channel=ExploreFarmLife
166,habramovic4l,habramovic4l@sogou.com,Haydon Abramovic,613645,"Proin interdum mauris non ligula pellentesque ultrices. Phasellus id sapien in sapien iaculis congue. Vivamus metus arcu, adipiscing molestie, hendrerit at, vulputate vitae, nisl.",http://dummyimage.com/167x100.png/dddddd/000000,1,https://www.youtube.com/watch?v=tPdKmQyh6W8&ab_channel=ExploreFarmLife
167,scrosfield4m,scrosfield4m@wunderground.com,Stan Crosfield,57204 CEDEX,"Lorem ipsum dolor sit amet, consectetuer adipiscing elit. Proin risus. Praesent lectus.",http://dummyimage.com/167x100.png/dddddd/000000,3,https://www.youtube.com/watch?v=0q0TXV8PyNY&ab_channel=ExploreFarmLife
168,cpardi4n,cpardi4n@hao123.com,Cece Pardi,4490-204,Nulla ut erat id mauris vulputate elementum. Nullam varius. Nulla facilisi.,http://dummyimage.com/121x100.png/dddddd/000000,3,https://www.youtube.com/watch?v=tPdKmQyh6W8&ab_channel=ExploreFarmLife
169,fdarracott4o,fdarracott4o@mayoclinic.com,Florette Darracott,,"Lorem ipsum dolor sit amet, consectetuer adipiscing elit. Proin risus. Praesent lectus.",http://dummyimage.com/104x100.png/dddddd/000000,1,https://www.youtube.com/watch?v=tPdKmQyh6W8&ab_channel=ExploreFarmLife
170,dpesak4p,dpesak4p@mayoclinic.com,Donica Pesak,96840,Aenean lectus. Pellentesque eget nunc. Donec quis orci eget orci vehicula condimentum.,http://dummyimage.com/219x100.png/dddddd/000000,1,https://www.youtube.com/watch?v=0q0TXV8PyNY&ab_channel=ExploreFarmLife
171,bsporrij4q,bsporrij4q@blogger.com,Britta Sporrij,,"Vestibulum ac est lacinia nisi venenatis tristique. Fusce congue, diam id ornare imperdiet, sapien urna pretium nisl, ut volutpat sapien arcu sed augue. Aliquam erat volutpat.",http://dummyimage.com/127x100.png/dddddd/000000,5,https://www.youtube.com/watch?v=0q0TXV8PyNY&ab_channel=ExploreFarmLife
172,gwetwood4r,gwetwood4r@salon.com,Gnni Wetwood,38168,Cras non velit nec nisi vulputate nonummy. Maecenas tincidunt lacus at velit. Vivamus vel nulla eget eros elementum pellentesque.,http://dummyimage.com/100x100.png/ff4444/ffffff,4,https://www.youtube.com/watch?v=0q0TXV8PyNY&ab_channel=ExploreFarmLife
173,adi4s,adi4s@4shared.com,Averell Di Pietro,2770-005,Pellentesque at nulla. Suspendisse potenti. Cras in purus eu magna vulputate luctus.,http://dummyimage.com/160x100.png/5fa2dd/ffffff,5,https://www.youtube.com/watch?v=0q0TXV8PyNY&ab_channel=ExploreFarmLife
174,rrembaud4t,rrembaud4t@bbb.org,Robinet Rembaud,,"Curabitur in libero ut massa volutpat convallis. Morbi odio odio, elementum eu, interdum eu, tincidunt in, leo. Maecenas pulvinar lobortis est.",http://dummyimage.com/108x100.png/5fa2dd/ffffff,4,https://www.youtube.com/watch?v=tPdKmQyh6W8&ab_channel=ExploreFarmLife
175,ccromwell4u,ccromwell4u@lycos.com,Clarice Cromwell,76420-000,"Proin leo odio, porttitor id, consequat in, consequat ut, nulla. Sed accumsan felis. Ut at dolor quis odio consequat varius.",http://dummyimage.com/231x100.png/dddddd/000000,1,https://www.youtube.com/watch?v=0q0TXV8PyNY&ab_channel=ExploreFarmLife
176,bdelamar4v,bdelamar4v@hostgator.com,Beckie Delamar,,"Curabitur gravida nisi at nibh. In hac habitasse platea dictumst. Aliquam augue quam, sollicitudin vitae, consectetuer eget, rutrum at, lorem.",http://dummyimage.com/108x100.png/cc0000/ffffff,1,https://www.youtube.com/watch?v=tPdKmQyh6W8&ab_channel=ExploreFarmLife
177,hlarkby4w,hlarkby4w@wikimedia.org,Hinze Larkby,6308,Cras non velit nec nisi vulputate nonummy. Maecenas tincidunt lacus at velit. Vivamus vel nulla eget eros elementum pellentesque.,http://dummyimage.com/199x100.png/ff4444/ffffff,2,https://www.youtube.com/watch?v=0q0TXV8PyNY&ab_channel=ExploreFarmLife
178,etod4x,etod4x@google.de,Eric Tod,,Cras non velit nec nisi vulputate nonummy. Maecenas tincidunt lacus at velit. Vivamus vel nulla eget eros elementum pellentesque.,http://dummyimage.com/144x100.png/ff4444/ffffff,3,https://www.youtube.com/watch?v=0q0TXV8PyNY&ab_channel=ExploreFarmLife
179,cthorburn4y,cthorburn4y@bandcamp.com,Claudius Thorburn,,Sed ante. Vivamus tortor. Duis mattis egestas metus.,http://dummyimage.com/117x100.png/dddddd/000000,1,https://www.youtube.com/watch?v=tPdKmQyh6W8&ab_channel=ExploreFarmLife
180,cjudd4z,cjudd4z@mashable.com,Conny Judd,,"Proin leo odio, porttitor id, consequat in, consequat ut, nulla. Sed accumsan felis. Ut at dolor quis odio consequat varius.",http://dummyimage.com/132x100.png/ff4444/ffffff,3,https://www.youtube.com/watch?v=0q0TXV8PyNY&ab_channel=ExploreFarmLife
181,hpennone50,hpennone50@sitemeter.com,Harald Pennone,30358,Maecenas ut massa quis augue luctus tincidunt. Nulla mollis molestie lorem. Quisque ut erat.,http://dummyimage.com/177x100.png/ff4444/ffffff,5,https://www.youtube.com/watch?v=0q0TXV8PyNY&ab_channel=ExploreFarmLife
182,mhannam51,mhannam51@rambler.ru,Mariam Hannam,,"Curabitur gravida nisi at nibh. In hac habitasse platea dictumst. Aliquam augue quam, sollicitudin vitae, consectetuer eget, rutrum at, lorem.",http://dummyimage.com/214x100.png/5fa2dd/ffffff,2,https://www.youtube.com/watch?v=tPdKmQyh6W8&ab_channel=ExploreFarmLife
183,idurgan52,idurgan52@economist.com,Isabeau Durgan,,Etiam vel augue. Vestibulum rutrum rutrum neque. Aenean auctor gravida sem.,http://dummyimage.com/194x100.png/dddddd/000000,3,https://www.youtube.com/watch?v=0q0TXV8PyNY&ab_channel=ExploreFarmLife
184,ecrispe53,ecrispe53@rambler.ru,Elroy Crispe,,"Aenean fermentum. Donec ut mauris eget massa tempor convallis. Nulla neque libero, convallis eget, eleifend luctus, ultricies eu, nibh.",http://dummyimage.com/229x100.png/ff4444/ffffff,4,https://www.youtube.com/watch?v=tPdKmQyh6W8&ab_channel=ExploreFarmLife
185,gmcging54,gmcging54@chronoengine.com,Gustavus McGing,,"Quisque id justo sit amet sapien dignissim vestibulum. Vestibulum ante ipsum primis in faucibus orci luctus et ultrices posuere cubilia Curae; Nulla dapibus dolor vel est. Donec odio justo, sollicitudin ut, suscipit a, feugiat et, eros.",http://dummyimage.com/151x100.png/dddddd/000000,2,https://www.youtube.com/watch?v=tPdKmQyh6W8&ab_channel=ExploreFarmLife
186,mcarville55,mcarville55@weather.com,Maridel Carville,,"Curabitur at ipsum ac tellus semper interdum. Mauris ullamcorper purus sit amet nulla. Quisque arcu libero, rutrum ac, lobortis vel, dapibus at, diam.",http://dummyimage.com/230x100.png/5fa2dd/ffffff,4,https://www.youtube.com/watch?v=0q0TXV8PyNY&ab_channel=ExploreFarmLife
187,leymor56,leymor56@cafepress.com,Livvy Eymor,4770-754,"Duis bibendum, felis sed interdum venenatis, turpis enim blandit mi, in porttitor pede justo eu massa. Donec dapibus. Duis at velit eu est congue elementum.",http://dummyimage.com/125x100.png/ff4444/ffffff,1,https://www.youtube.com/watch?v=0q0TXV8PyNY&ab_channel=ExploreFarmLife
188,wmusla57,wmusla57@reuters.com,Whit Musla,,In congue. Etiam justo. Etiam pretium iaculis justo.,http://dummyimage.com/151x100.png/cc0000/ffffff,2,https://www.youtube.com/watch?v=tPdKmQyh6W8&ab_channel=ExploreFarmLife
189,spauley58,spauley58@hugedomains.com,Shanta Pauley,456721,Aenean lectus. Pellentesque eget nunc. Donec quis orci eget orci vehicula condimentum.,http://dummyimage.com/178x100.png/dddddd/000000,1,https://www.youtube.com/watch?v=tPdKmQyh6W8&ab_channel=ExploreFarmLife
190,rhighway59,rhighway59@phoca.cz,Rona Highway,458 92,Aenean lectus. Pellentesque eget nunc. Donec quis orci eget orci vehicula condimentum.,http://dummyimage.com/140x100.png/cc0000/ffffff,4,https://www.youtube.com/watch?v=tPdKmQyh6W8&ab_channel=ExploreFarmLife
191,abertolin5a,abertolin5a@blogspot.com,Addy Bertolin,55905,In quis justo. Maecenas rhoncus aliquam lacus. Morbi quis tortor id nulla ultrices aliquet.,http://dummyimage.com/121x100.png/dddddd/000000,3,https://www.youtube.com/watch?v=tPdKmQyh6W8&ab_channel=ExploreFarmLife
192,plongden5b,plongden5b@cnbc.com,Perry Longden,49-200,Cras non velit nec nisi vulputate nonummy. Maecenas tincidunt lacus at velit. Vivamus vel nulla eget eros elementum pellentesque.,http://dummyimage.com/189x100.png/cc0000/ffffff,5,https://www.youtube.com/watch?v=0q0TXV8PyNY&ab_channel=ExploreFarmLife
193,eglasbey5c,eglasbey5c@tumblr.com,Emmalynne Glasbey,,Suspendisse potenti. In eleifend quam a odio. In hac habitasse platea dictumst.,http://dummyimage.com/149x100.png/dddddd/000000,3,https://www.youtube.com/watch?v=0q0TXV8PyNY&ab_channel=ExploreFarmLife
194,rmcravey5d,rmcravey5d@hubpages.com,Randee McRavey,,"Curabitur at ipsum ac tellus semper interdum. Mauris ullamcorper purus sit amet nulla. Quisque arcu libero, rutrum ac, lobortis vel, dapibus at, diam.",http://dummyimage.com/162x100.png/ff4444/ffffff,4,https://www.youtube.com/watch?v=tPdKmQyh6W8&ab_channel=ExploreFarmLife
195,aaveling5e,aaveling5e@drupal.org,Anastasie Aveling,,Integer ac leo. Pellentesque ultrices mattis odio. Donec vitae nisi.,http://dummyimage.com/119x100.png/ff4444/ffffff,4,https://www.youtube.com/watch?v=0q0TXV8PyNY&ab_channel=ExploreFarmLife
196,dproske5f,dproske5f@smh.com.au,Donovan Proske,,Nullam sit amet turpis elementum ligula vehicula consequat. Morbi a ipsum. Integer a nibh.,http://dummyimage.com/129x100.png/ff4444/ffffff,2,https://www.youtube.com/watch?v=0q0TXV8PyNY&ab_channel=ExploreFarmLife
197,dathowe5g,dathowe5g@sciencedirect.com,Danell Athowe,,Nulla ut erat id mauris vulputate elementum. Nullam varius. Nulla facilisi.,http://dummyimage.com/212x100.png/cc0000/ffffff,3,https://www.youtube.com/watch?v=0q0TXV8PyNY&ab_channel=ExploreFarmLife
198,jnathan5h,jnathan5h@google.com,Jeralee Nathan,,Duis consequat dui nec nisi volutpat eleifend. Donec ut dolor. Morbi vel lectus in quam fringilla rhoncus.,http://dummyimage.com/157x100.png/ff4444/ffffff,1,https://www.youtube.com/watch?v=0q0TXV8PyNY&ab_channel=ExploreFarmLife
199,wgarment5i,wgarment5i@comsenz.com,Wallache Garment,,Integer ac leo. Pellentesque ultrices mattis odio. Donec vitae nisi.,http://dummyimage.com/143x100.png/ff4444/ffffff,3,https://www.youtube.com/watch?v=0q0TXV8PyNY&ab_channel=ExploreFarmLife
200,mperot5j,mperot5j@bizjournals.com,Mitchel Perot,,Nullam sit amet turpis elementum ligula vehicula consequat. Morbi a ipsum. Integer a nibh.,http://dummyimage.com/152x100.png/dddddd/000000,4,https://www.youtube.com/watch?v=0q0TXV8PyNY&ab_channel=ExploreFarmLife
